RPS,CPU_Total(m)_NoIstio,CPU_Total(m)_WithIstio,CPU_Total(m)_Overhead%,Memory_WorkingSet(Mi)_NoIstio,Memory_WorkingSet(Mi)_WithIstio,Memory_WorkingSet(Mi)_Overhead%,Net_RX(KB/s)_NoIstio,Net_RX(KB/s)_WithIstio,Net_RX(KB/s)_Overhead%,Net_TX(KB/s)_NoIstio,Net_TX(KB/s)_WithIstio,Net_TX(KB/s)_Overhead%
200,7430.0,9119.0,22.73,1652.0,2393.0,44.85,39254.98,45960.05,17.08,39577.22,46727.06,18.07
400,13798.0,14254.0,3.3,1674.0,2380.0,42.17,88464.23,100499.31,13.6,89413.93,100456.71,12.35
600,14677.0,14858.0,1.23,1698.0,2469.0,45.41,113112.67,118709.5,4.95,112922.31,119745.48,6.04
700,14881.0,14807.0,-0.5,1685.0,2531.0,50.21,118477.01999999999,120565.01,1.76,118561.7,120194.36,1.38
800,14774.0,14867.0,0.63,1696.0,2513.0,48.17,118180.01,119283.87999999999,0.93,118843.1,118735.13,-0.09
1000,14958.0,14822.0,-0.91,1682.0,2476.0,47.21,120161.7,120476.56,0.26,120202.01000000001,120205.9,0.0
