RPS,CPU_Total(m)_NoIstio,CPU_Total(m)_WithIstio,CPU_Total(m)_Overhead%,Memory_WorkingSet(Mi)_NoIstio,Memory_WorkingSet(Mi)_WithIstio,Memory_WorkingSet(Mi)_Overhead%,Net_RX(KB/s)_NoIstio,Net_RX(KB/s)_WithIstio,Net_RX(KB/s)_Overhead%,Net_TX(KB/s)_NoIstio,Net_TX(KB/s)_WithIstio,Net_TX(KB/s)_Overhead%
100,4156.0,4886.0,17.56,1458.0,2433.0,66.87,22996.65,23376.579999999998,1.65,23086.07,23360.01,1.19
200,8681.0,9558.0,10.1,1478.0,2425.0,64.07,48218.0,47942.04,-0.57,48652.4,47537.9,-2.29
300,13018.0,13034.0,0.12,1519.0,2490.0,63.92,82008.42,74655.82999999999,-8.97,81525.25,75083.31,-7.9
400,14976.0,14415.0,-3.75,1558.0,2490.0,59.82,116130.19,106435.52,-8.35,113669.04000000001,106408.68,-6.39
500,15312.0,14810.0,-3.28,1667.0,2523.0,51.35,127693.78,118048.34,-7.55,127406.7,119175.52,-6.46
600,15487.0,14827.0,-4.26,1673.0,2476.0,48.0,130650.04,121893.81999999999,-6.7,131026.59,122166.13,-6.76
